City_ID,City,Country,Date,Lat,Lng,Max Temp,Humidity,Cloudiness,Wind Speed,Current Description
0,Kodiak,US,2021-11-08 03:25:25,57.79,-152.4072,31.55,90,97,12.88,light snow
1,Mataura,NZ,2021-11-08 03:25:25,-46.1927,168.8643,72.9,40,100,1.14,overcast clouds
2,Punta Arenas,CL,2021-11-08 03:24:53,-53.15,-70.9167,44.71,70,40,16.11,scattered clouds
3,Butaritari,KI,2021-11-08 03:25:26,3.0707,172.7902,82.06,70,13,10.85,few clouds
4,Yellowknife,CA,2021-11-08 03:25:26,62.456,-114.3525,27.41,99,90,1.99,light snow
5,Port Alfred,ZA,2021-11-08 03:25:27,-33.5906,26.891,64.42,86,100,7.74,light rain
6,Kiunga,PG,2021-11-08 03:23:11,-6.1219,141.2906,92.46,54,81,2.48,broken clouds
7,San Luis Obispo,US,2021-11-08 03:25:28,35.3666,-120.5343,58.75,44,1,3.44,clear sky
8,Saint-Philippe,RE,2021-11-08 03:25:29,-21.3585,55.7679,79.48,79,40,9.69,scattered clouds
9,Itoman,JP,2021-11-08 03:25:29,26.1247,127.6694,79.18,72,75,10.36,broken clouds
10,Rikitea,PF,2021-11-08 03:23:11,-23.1203,-134.9692,75.54,75,100,12.5,light rain
11,Puerto Ayora,EC,2021-11-08 03:25:30,-0.7393,-90.3518,69.51,81,45,8.12,scattered clouds
12,Barrow,US,2021-11-08 03:20:47,71.2906,-156.7887,24.82,63,90,13.8,overcast clouds
13,Hilo,US,2021-11-08 03:25:31,19.7297,-155.09,76.73,83,90,4.61,overcast clouds
14,Cukai,MY,2021-11-08 03:25:31,4.25,103.4167,87.75,73,79,2.77,broken clouds
15,Vaini,TO,2021-11-08 03:25:33,-21.2,-175.2,78.96,94,90,5.75,moderate rain
16,Bredasdorp,ZA,2021-11-08 03:25:33,-34.5322,20.0403,50.29,80,83,2.73,broken clouds
17,Bida,NG,2021-11-08 03:25:34,9.0833,6.0167,76.87,61,84,0.69,broken clouds
18,Aykhal,RU,2021-11-08 03:25:35,66.0,111.5,17.82,94,97,18.95,overcast clouds
19,Georgiyevskoye,RU,2021-11-08 03:25:36,58.731,45.024,33.49,98,100,7.18,light snow
20,Lompoc,US,2021-11-08 03:21:40,34.6391,-120.4579,62.91,65,1,8.05,clear sky
21,Hofn,IS,2021-11-08 03:23:56,64.2539,-15.2082,39.18,98,100,14.0,moderate rain
22,Geraldton,AU,2021-11-08 03:25:37,-28.7667,114.6,73.81,46,15,14.97,few clouds
23,Busselton,AU,2021-11-08 03:25:37,-33.65,115.3333,70.05,48,3,10.04,clear sky
24,Broome,US,2021-11-08 03:25:37,42.2506,-75.833,44.56,67,0,0.6,clear sky
25,Ushuaia,AR,2021-11-08 03:25:38,-54.8,-68.3,40.66,81,40,5.75,scattered clouds
26,Tasiilaq,GL,2021-11-08 03:25:38,65.6145,-37.6368,26.76,75,100,5.97,overcast clouds
27,Albany,US,2021-11-08 03:22:15,42.6001,-73.9662,41.99,75,10,4.14,clear sky
28,Torbay,CA,2021-11-08 03:25:39,47.6666,-52.7314,46.27,87,90,8.05,overcast clouds
29,Taltal,CL,2021-11-08 03:25:39,-25.4,-70.4833,62.83,70,0,5.03,clear sky
30,Pitimbu,BR,2021-11-08 03:25:40,-7.4706,-34.8086,79.39,80,45,9.35,scattered clouds
31,Gao,ML,2021-11-08 03:25:41,16.6362,1.637,80.58,16,4,6.93,clear sky
32,Mehamn,NO,2021-11-08 03:25:42,71.0357,27.8492,27.34,87,100,2.89,light snow
33,Diphu,IN,2021-11-08 03:25:42,25.8333,93.4333,74.89,63,12,2.48,few clouds
34,Hobart,AU,2021-11-08 03:21:57,-42.8794,147.3294,64.11,50,75,10.36,broken clouds
35,Yanliang,CN,2021-11-08 03:25:43,34.6592,109.2292,43.79,34,0,4.63,clear sky
36,Manjacaze,MZ,2021-11-08 03:25:43,-24.7117,33.8828,69.53,67,74,4.14,broken clouds
37,Laramie,US,2021-11-08 03:25:44,41.3114,-105.5911,48.96,48,1,9.22,clear sky
38,Dikson,RU,2021-11-08 03:21:36,73.5069,80.5464,9.36,95,100,0.98,overcast clouds
39,Chulym,RU,2021-11-08 03:25:44,55.0997,80.9572,27.03,72,97,17.54,overcast clouds
40,Norman Wells,CA,2021-11-08 03:25:45,65.282,-126.8329,12.24,85,90,8.05,light snow
41,Pekan,MY,2021-11-08 03:25:45,3.4836,103.3996,86.11,75,74,3.96,broken clouds
42,Lakes Entrance,AU,2021-11-08 03:25:45,-37.8811,147.981,58.57,85,100,9.84,overcast clouds
43,Mar Del Plata,AR,2021-11-08 03:25:47,-38.0023,-57.5575,60.1,87,0,3.0,clear sky
44,Faanui,PF,2021-11-08 03:25:48,-16.4833,-151.75,79.52,74,23,9.53,few clouds
45,Turbat,PK,2021-11-08 03:25:49,26.0023,63.044,74.89,24,0,4.74,clear sky
46,Vao,NC,2021-11-08 03:25:49,-22.6667,167.4833,72.5,64,14,7.38,few clouds
47,Ketchikan,US,2021-11-08 03:22:21,55.3422,-131.6461,39.67,87,90,11.5,light rain
48,Flinders,AU,2021-11-08 03:25:50,-34.5833,150.8552,73.2,81,28,3.0,light rain
49,Hare Bay,CA,2021-11-08 03:25:51,48.8499,-54.0148,45.75,93,40,5.59,scattered clouds
50,Hithadhoo,MV,2021-11-08 03:25:52,-0.6,73.0833,82.24,72,98,13.0,overcast clouds
51,Cidreira,BR,2021-11-08 03:25:52,-30.1811,-50.2056,61.84,73,6,3.47,clear sky
52,Comodoro Rivadavia,AR,2021-11-08 03:25:53,-45.8667,-67.5,55.26,67,0,6.91,clear sky
53,Opunake,NZ,2021-11-08 03:25:54,-39.4556,173.8583,72.34,70,1,10.0,clear sky
54,Naze,JP,2021-11-08 03:25:55,28.3667,129.4833,74.32,62,100,4.92,overcast clouds
55,Ilulissat,GL,2021-11-08 03:25:55,69.2167,-51.1,12.22,52,7,14.97,clear sky
56,Cabo San Lucas,MX,2021-11-08 03:23:15,22.8909,-109.9124,80.51,54,40,8.55,scattered clouds
57,Miandrivazo,MG,2021-11-08 03:25:56,-19.5167,45.4667,79.32,77,8,4.23,clear sky
58,Castro,BR,2021-11-08 03:25:34,-24.7911,-50.0119,58.82,96,88,6.89,overcast clouds
59,Kayes,ML,2021-11-08 03:25:57,14.0,-11.0,82.13,29,10,3.65,clear sky
60,Socorro,US,2021-11-08 03:25:57,31.6546,-106.3033,71.89,26,76,4.25,broken clouds
61,Stepnoye,RU,2021-11-08 03:25:58,51.4,46.8667,41.76,92,99,7.49,overcast clouds
62,Khatanga,RU,2021-11-08 03:25:58,71.9667,102.5,7.84,95,99,11.45,overcast clouds
63,Hermanus,ZA,2021-11-08 03:25:59,-34.4187,19.2345,56.89,73,56,3.78,broken clouds
64,Avarua,CK,2021-11-08 03:25:59,-21.2078,-159.775,77.05,65,20,13.8,few clouds
65,Jamestown,US,2021-11-08 03:25:44,42.097,-79.2353,48.72,87,1,1.01,clear sky
66,San Andres,CO,2021-11-08 03:26:00,12.5847,-81.7006,82.42,78,75,6.91,broken clouds
67,Levokumskoye,RU,2021-11-08 03:26:00,44.8219,44.6606,46.83,89,61,1.54,broken clouds
68,Shalya,RU,2021-11-08 03:26:01,57.2471,58.7298,31.96,85,100,10.69,overcast clouds
69,Pokhara,NP,2021-11-08 03:26:01,28.2333,83.9833,65.52,62,10,2.21,clear sky
70,Georgetown,MY,2021-11-08 03:26:02,5.4112,100.3354,85.93,79,20,2.3,few clouds
71,Lebu,CL,2021-11-08 03:26:02,-37.6167,-73.65,52.59,94,74,9.6,broken clouds
72,Batticaloa,LK,2021-11-08 03:26:03,7.7102,81.6924,78.76,81,89,7.25,moderate rain
73,Okhotsk,RU,2021-11-08 03:26:03,59.3833,143.3,9.73,71,42,23.17,scattered clouds
74,Union,US,2021-11-08 03:26:03,40.6334,-74.2663,51.89,68,1,5.75,clear sky
75,Upernavik,GL,2021-11-08 03:26:04,72.7868,-56.1549,9.86,76,5,6.17,clear sky
76,Ishigaki,JP,2021-11-08 03:26:04,24.3448,124.1572,71.73,88,75,19.57,broken clouds
77,Ancud,CL,2021-11-08 03:26:04,-41.8697,-73.8203,54.43,95,94,2.28,overcast clouds
78,Bireun,ID,2021-11-08 03:26:05,5.203,96.7009,83.82,73,96,3.69,overcast clouds
79,Jiazi,CN,2021-11-08 03:26:05,22.8779,116.067,67.89,57,25,15.37,scattered clouds
80,Ercis,TR,2021-11-08 03:26:06,39.0287,43.3586,31.6,38,5,3.94,clear sky
81,Tilichiki,RU,2021-11-08 03:26:06,60.4667,166.1,23.34,97,100,8.43,snow
82,Hay River,CA,2021-11-08 03:21:54,60.8156,-115.7999,26.58,93,90,10.36,light snow
83,Skibbereen,IE,2021-11-08 03:26:07,51.55,-9.2667,53.4,97,100,10.76,overcast clouds
84,Waddan,LY,2021-11-08 03:26:08,29.1614,16.139,68.31,33,100,8.81,overcast clouds
85,Provideniya,RU,2021-11-08 03:26:08,64.3833,-173.3,17.71,79,75,6.71,broken clouds
86,Barra Do Corda,BR,2021-11-08 03:26:08,-5.5,-45.25,72.82,93,59,1.88,broken clouds
87,Malavalli,IN,2021-11-08 03:26:09,12.3833,77.0833,75.06,87,100,3.65,moderate rain
88,Tomatlan,MX,2021-11-08 03:26:10,19.9333,-105.25,73.26,91,14,2.8,few clouds
89,Karratha,AU,2021-11-08 03:21:34,-20.7377,116.8463,81.55,39,3,16.91,clear sky
90,Anuchino,RU,2021-11-08 03:26:10,43.9622,133.0544,48.67,70,100,5.97,overcast clouds
91,Narsaq,GL,2021-11-08 03:26:11,60.9167,-46.05,30.42,81,100,1.95,overcast clouds
92,Coquimbo,CL,2021-11-08 03:26:11,-29.9533,-71.3436,55.13,94,0,3.44,clear sky
93,Talnakh,RU,2021-11-08 03:26:12,69.4865,88.3972,17.19,96,100,7.09,light snow
94,Ribeira Grande,PT,2021-11-08 03:26:12,38.5167,-28.7,69.4,85,43,24.18,scattered clouds
95,Pacifica,US,2021-11-08 03:23:29,37.6138,-122.4869,55.78,76,20,3.0,few clouds
96,Saskylakh,RU,2021-11-08 03:25:53,71.9167,114.0833,13.55,93,100,9.26,overcast clouds
97,Niono,ML,2021-11-08 03:26:13,14.2526,-5.993,83.75,20,4,6.04,clear sky
98,Rio Verde De Mato Grosso,BR,2021-11-08 03:26:13,-18.9181,-54.8442,74.66,85,48,3.31,scattered clouds
99,Dunmore Town,BS,2021-11-08 03:26:13,25.5,-76.65,75.42,69,100,13.98,overcast clouds
100,Sfantu Gheorghe,RO,2021-11-08 03:26:14,45.8667,25.7833,46.22,90,66,0.6,broken clouds
101,Kampot,KH,2021-11-08 03:26:14,10.6167,104.1833,77.05,72,17,5.5,few clouds
102,Ljungby,SE,2021-11-08 03:26:15,56.8332,13.9408,39.79,85,100,8.68,overcast clouds
103,Terekli-Mekteb,RU,2021-11-08 03:26:16,44.1671,45.8698,48.52,90,49,2.44,scattered clouds
104,Cape Town,ZA,2021-11-08 03:22:32,-33.9258,18.4232,59.88,73,20,4.0,few clouds
105,Cockburn Town,TC,2021-11-08 03:22:33,21.4612,-71.1419,81.86,74,99,7.02,overcast clouds
106,Champerico,GT,2021-11-08 03:26:16,14.3,-91.9167,80.35,80,69,1.34,broken clouds
107,Chingirlau,KZ,2021-11-08 03:26:17,51.095,54.0814,37.54,74,100,7.58,overcast clouds
108,Mahebourg,MU,2021-11-08 03:21:38,-20.4081,57.7,78.26,78,75,10.36,broken clouds
109,Atasu,KZ,2021-11-08 03:26:17,48.6814,71.6433,29.68,25,0,4.54,clear sky
110,Tuktoyaktuk,CA,2021-11-08 03:26:18,69.4541,-133.0374,21.2,86,90,9.22,light snow
111,Sao Paulo De Olivenca,BR,2021-11-08 03:26:18,-3.3783,-68.8725,71.74,98,99,1.5,overcast clouds
112,Fort Nelson,CA,2021-11-08 03:26:18,58.8053,-122.7002,24.39,93,90,0.0,light shower snow
113,Riyadh,SA,2021-11-08 03:25:25,24.6877,46.7219,60.94,27,53,7.58,broken clouds
114,Constitucion,CL,2021-11-08 03:24:12,-35.3333,-72.4167,54.48,82,4,13.62,clear sky
115,Gravdal,NO,2021-11-08 03:26:19,68.1214,13.5031,38.8,59,75,11.36,broken clouds
116,Hasaki,JP,2021-11-08 03:26:19,35.7333,140.8333,72.0,52,49,15.5,scattered clouds
117,Gamboula,CF,2021-11-08 03:26:19,4.1178,15.1393,68.61,97,100,0.18,overcast clouds
118,Contamana,PE,2021-11-08 03:23:09,-7.3333,-75.0167,76.17,74,34,2.71,scattered clouds
119,Bluff,NZ,2021-11-08 03:26:20,-46.6,168.3333,61.5,64,88,9.91,overcast clouds
120,Chuy,UY,2021-11-08 03:26:20,-33.6971,-53.4616,53.33,84,13,1.57,few clouds
121,Andenes,NO,2021-11-08 03:26:20,69.3143,16.1194,37.38,70,75,19.57,broken clouds
122,Aklavik,CA,2021-11-08 03:23:52,68.2191,-135.0107,16.63,96,90,4.72,overcast clouds
123,Tarakan,ID,2021-11-08 03:26:21,3.3,117.6333,81.9,83,75,4.61,moderate rain
124,Darhan,MN,2021-11-08 03:24:55,49.4867,105.9228,22.53,58,44,5.82,scattered clouds
125,Mabua,PH,2021-11-08 03:26:22,9.8089,125.4422,84.6,75,9,9.73,clear sky
126,Mayumba,GA,2021-11-08 03:26:22,-3.432,10.6554,76.64,89,100,1.86,moderate rain
127,Orlik,RU,2021-11-08 03:26:22,52.5178,99.825,16.57,78,100,3.22,overcast clouds
128,Penzance,GB,2021-11-08 03:26:23,50.1186,-5.5371,54.77,91,100,5.82,overcast clouds
129,Springfield,US,2021-11-08 03:26:23,37.2153,-93.2982,58.23,63,1,8.99,clear sky
130,New Gloucester,US,2021-11-08 03:26:23,43.9628,-70.2825,43.27,88,1,0.0,clear sky
131,Isangel,VU,2021-11-08 03:26:24,-19.55,169.2667,80.71,69,75,9.22,broken clouds
132,Fort-Shevchenko,KZ,2021-11-08 03:26:24,44.5086,50.263,52.56,85,88,5.7,overcast clouds
133,Atuona,PF,2021-11-08 03:26:25,-9.8,-139.0333,78.39,75,9,16.71,clear sky
134,Nanortalik,GL,2021-11-08 03:26:26,60.1432,-45.2371,30.87,61,100,1.14,overcast clouds
135,Dicabisagan,PH,2021-11-08 03:26:26,17.0818,122.4157,83.3,78,74,5.03,broken clouds
136,Cayenne,GF,2021-11-08 03:26:27,4.9333,-52.3333,81.09,84,75,5.01,broken clouds
137,Kapaa,US,2021-11-08 03:26:27,22.0752,-159.319,82.38,70,40,4.0,scattered clouds
138,Baherden,TM,2021-11-08 03:26:28,38.4362,57.4316,43.92,44,1,4.18,clear sky
139,Ferme-Neuve,CA,2021-11-08 03:26:28,46.7001,-75.4493,44.38,91,96,2.1,overcast clouds
140,Carnarvon,AU,2021-11-08 03:26:29,-24.8667,113.6333,71.67,56,76,12.66,broken clouds
141,Vila Franca Do Campo,PT,2021-11-08 03:25:49,37.7167,-25.4333,70.2,74,35,11.74,scattered clouds
142,Uramita,CO,2021-11-08 03:26:29,6.8994,-76.1742,70.86,99,99,1.45,overcast clouds
143,Nishihara,JP,2021-11-08 03:26:30,26.1842,127.7558,78.46,73,90,8.05,overcast clouds
144,Qaanaaq,GL,2021-11-08 03:26:30,77.484,-69.3632,2.91,70,55,7.47,broken clouds
145,New Norfolk,AU,2021-11-08 03:25:54,-42.7826,147.0587,63.75,40,12,4.0,few clouds
146,Hvolsvollur,IS,2021-11-08 03:26:30,63.7533,-20.2243,34.81,79,100,15.7,light rain
147,Santa Isabel Do Rio Negro,BR,2021-11-08 03:26:31,-0.4139,-65.0192,73.36,99,96,1.86,overcast clouds
148,Krems,AT,2021-11-08 03:26:31,48.4092,15.6142,49.32,89,100,8.14,overcast clouds
149,Shelburne,CA,2021-11-08 03:26:31,44.0787,-80.2041,47.59,87,78,7.18,broken clouds
150,Omboue,GA,2021-11-08 03:26:32,-1.5746,9.2618,76.48,91,100,5.19,overcast clouds
151,Cervo,ES,2021-11-08 03:26:33,43.6702,-7.4101,48.2,81,100,2.28,overcast clouds
152,Murud,IN,2021-11-08 03:26:34,18.3258,72.965,77.45,60,88,5.32,overcast clouds
153,Pisco,PE,2021-11-08 03:26:34,-13.7,-76.2167,65.01,82,0,2.3,clear sky
154,East London,ZA,2021-11-08 03:26:35,-33.0153,27.9116,61.74,100,90,9.22,light rain
155,Beloha,MG,2021-11-08 03:26:35,-25.1667,45.05,74.16,53,60,5.14,broken clouds
156,Concepcion,CL,2021-11-08 03:26:36,-36.827,-73.0498,55.2,82,0,9.22,clear sky
157,Meulaboh,ID,2021-11-08 03:26:36,4.1363,96.1285,76.32,94,100,6.06,overcast clouds
158,Rumphi,MW,2021-11-08 03:26:37,-11.0186,33.8575,66.94,50,43,5.35,scattered clouds
159,Frolovo,RU,2021-11-08 03:26:37,49.7713,43.6622,40.33,86,96,7.43,light rain
160,Jinka,ET,2021-11-08 03:26:37,5.65,36.65,62.1,83,56,3.44,light rain
161,Paamiut,GL,2021-11-08 03:26:38,61.994,-49.6678,18.72,66,8,6.17,clear sky
162,Tevriz,RU,2021-11-08 03:26:38,57.509,72.4042,30.2,91,100,13.76,light snow
163,Morondava,MG,2021-11-08 03:26:38,-20.2833,44.2833,75.54,89,2,5.03,clear sky
164,Do Gonbadan,IR,2021-11-08 03:26:39,30.3586,50.7981,53.69,76,40,0.0,scattered clouds
165,Santa Rosa,PH,2021-11-08 03:26:39,14.3122,121.1114,88.11,73,53,11.81,broken clouds
166,Naldurg,IN,2021-11-08 03:26:40,17.8167,76.3,71.6,52,35,11.18,scattered clouds
167,Touros,BR,2021-11-08 03:26:41,-5.1989,-35.4608,81.5,77,81,12.28,broken clouds
168,Codrington,AU,2021-11-08 03:26:41,-38.2667,141.9667,60.08,54,92,6.06,overcast clouds
169,Segou,ML,2021-11-08 03:26:42,13.4317,-6.2157,83.66,24,58,7.4,broken clouds
170,Chapais,CA,2021-11-08 03:26:42,49.7834,-74.8492,40.78,98,100,5.86,overcast clouds
171,Kavieng,PG,2021-11-08 03:26:43,-2.5744,150.7967,85.12,69,9,16.87,light rain
172,College,US,2021-11-08 03:26:43,64.8569,-147.8028,22.66,92,90,0.0,light snow
173,Srednekolymsk,RU,2021-11-08 03:26:44,67.45,153.6833,4.15,96,100,6.46,overcast clouds
174,Chicama,PE,2021-11-08 03:26:44,-7.8447,-79.1469,61.34,83,91,5.35,overcast clouds
175,Baraki Barak,AF,2021-11-08 03:26:45,33.9675,68.9486,46.22,57,1,1.14,clear sky
176,La Ronge,CA,2021-11-08 03:26:45,55.1001,-105.2842,28.65,86,1,3.44,clear sky
177,Tura,IN,2021-11-08 03:26:46,25.5198,90.2201,73.02,63,72,0.63,broken clouds
178,Russell,US,2021-11-08 03:26:46,32.3502,-85.1999,49.23,81,1,0.0,clear sky
179,Airai,TL,2021-11-08 03:24:03,-8.9266,125.4092,73.9,68,91,0.49,overcast clouds
180,Palatka,US,2021-11-08 03:26:46,29.6486,-81.6376,56.98,85,0,4.09,clear sky
181,Nadym,RU,2021-11-08 03:23:52,65.5333,72.5167,23.56,93,100,12.39,overcast clouds
182,Severo-Kurilsk,RU,2021-11-08 03:23:58,50.6789,156.125,36.77,68,99,22.28,overcast clouds
183,Oga,IT,2021-11-08 03:26:47,46.4631,10.347,32.68,51,73,2.77,broken clouds
184,Caravelas,BR,2021-11-08 03:26:47,-17.7125,-39.2481,72.36,83,95,3.42,overcast clouds
185,Albox,ES,2021-11-08 03:26:48,37.3886,-2.1495,46.85,39,0,7.81,clear sky
186,Bloomingdale,US,2021-11-08 03:26:48,27.8936,-82.2404,64.26,91,1,3.0,clear sky
187,Royan,FR,2021-11-08 03:26:49,45.6285,-1.0281,46.38,90,7,8.88,clear sky
188,Chokurdakh,RU,2021-11-08 03:26:49,70.6333,147.9167,-14.62,94,88,6.46,overcast clouds
189,Yarada,IN,2021-11-08 03:26:50,17.65,83.2667,79.12,53,40,6.91,haze
190,San Patricio,US,2021-11-08 03:23:53,28.017,-97.5169,70.83,73,0,6.82,clear sky
191,Sala Consilina,IT,2021-11-08 03:26:50,40.3912,15.5989,61.38,67,98,3.4,overcast clouds
192,Kambove,CD,2021-11-08 03:26:50,-10.8764,26.5969,65.05,50,58,3.0,broken clouds
193,Kenai,US,2021-11-08 03:26:07,60.5544,-151.2583,31.14,93,90,6.91,light snow
194,Wexford,IE,2021-11-08 03:26:51,52.3342,-6.4575,52.57,93,100,10.02,moderate rain
195,Hami,CN,2021-11-08 03:26:51,42.8,93.45,29.62,36,3,6.91,clear sky
196,Nizhniy Odes,RU,2021-11-08 03:26:52,63.6445,54.856,27.55,94,100,7.02,light snow
197,Lashio,MM,2021-11-08 03:26:53,22.9333,97.75,74.07,58,23,0.78,few clouds
198,Cuenca,EC,2021-11-08 03:24:00,-2.8833,-78.9833,57.33,94,80,8.05,broken clouds
199,Dobele,LV,2021-11-08 03:26:53,56.625,23.2786,40.55,85,100,15.68,overcast clouds
200,Lagoa,PT,2021-11-08 03:26:54,39.05,-27.9833,68.23,85,4,21.88,clear sky
201,Ucluelet,CA,2021-11-08 03:26:53,48.9329,-125.5528,41.09,89,91,11.36,overcast clouds
202,Havre-Saint-Pierre,CA,2021-11-08 03:26:54,50.2334,-63.5986,44.6,93,90,4.61,overcast clouds
203,Ambilobe,MG,2021-11-08 03:26:55,-13.2,49.05,76.14,72,6,2.73,clear sky
204,Juneau,US,2021-11-08 03:25:15,58.3019,-134.4197,33.22,91,20,4.61,few clouds
205,Port Lincoln,AU,2021-11-08 03:26:55,-34.7333,135.8667,60.3,58,97,8.39,overcast clouds
206,Yershov,RU,2021-11-08 03:26:56,51.3513,48.2766,37.35,89,76,7.05,broken clouds
207,Pevek,RU,2021-11-08 03:26:56,69.7008,170.3133,8.06,90,100,8.14,overcast clouds
208,Puerto Narino,CO,2021-11-08 03:26:57,-3.7703,-70.3831,73.35,99,100,1.79,light rain
209,Cap Malheureux,MU,2021-11-08 03:25:55,-19.9842,57.6142,78.48,74,15,8.99,few clouds
210,Tikhvin,RU,2021-11-08 03:26:57,59.6451,33.5294,32.22,97,100,6.02,snow
211,Jiuquan,CN,2021-11-08 03:26:58,39.7432,98.5174,29.95,22,4,0.92,clear sky
212,Tuatapere,NZ,2021-11-08 03:26:58,-46.1333,167.6833,67.48,50,99,4.65,overcast clouds
213,Kargil,IN,2021-11-08 03:26:58,34.5667,76.1,19.56,64,5,1.41,clear sky
214,Novomikhaylovskiy,RU,2021-11-08 03:26:59,44.2581,38.8578,59.92,90,100,8.72,overcast clouds
215,Kaspiyskiy,RU,2021-11-08 03:26:59,45.3929,47.3707,44.87,79,37,4.7,scattered clouds
216,Redlands,US,2021-11-08 03:26:59,34.0556,-117.1825,68.27,58,1,4.61,haze
217,Stornoway,GB,2021-11-08 03:26:59,58.2093,-6.3865,48.92,81,100,16.11,overcast clouds
218,Dunda,TZ,2021-11-08 03:27:00,-8.1167,34.25,66.58,56,63,3.18,broken clouds
219,Batagay-Alyta,RU,2021-11-08 03:27:00,67.8006,130.4114,-6.11,82,91,3.56,overcast clouds
220,Oussouye,SN,2021-11-08 03:27:01,12.485,-16.5469,78.98,75,21,6.04,few clouds
221,Camacha,PT,2021-11-08 03:27:01,33.0833,-16.3333,63.82,59,40,9.22,scattered clouds
222,Jiamusi,CN,2021-11-08 03:27:02,46.8333,130.35,24.15,96,100,13.58,snow
223,Padang,ID,2021-11-08 03:25:52,-0.9492,100.3543,84.25,76,100,5.17,overcast clouds
224,Walvis Bay,NA,2021-11-08 03:27:03,-22.9575,14.5053,53.1,81,3,3.44,clear sky
225,Port Keats,AU,2021-11-08 03:27:03,-14.25,129.55,90.39,57,53,11.03,broken clouds
226,Inirida,CO,2021-11-08 03:27:04,3.8653,-67.9239,73.83,98,99,0.89,overcast clouds
227,Ratnagiri,IN,2021-11-08 03:27:04,16.9833,73.3,77.58,64,100,7.58,overcast clouds
228,Richards Bay,ZA,2021-11-08 03:27:05,-28.783,32.0377,70.05,96,100,3.38,overcast clouds
229,Acapulco,MX,2021-11-08 03:24:32,16.8634,-99.8901,78.46,80,20,3.33,few clouds
230,Boueni,YT,2021-11-08 03:27:05,-12.9025,45.0761,78.78,76,5,4.59,clear sky
231,Kruisfontein,ZA,2021-11-08 03:27:06,-34.0033,24.7314,56.88,89,100,4.32,overcast clouds
232,Deming,US,2021-11-08 03:27:06,32.2687,-107.7586,60.69,20,1,5.75,clear sky
233,San Juan De Los Lagos,MX,2021-11-08 03:27:07,21.25,-102.3,59.32,29,25,4.29,scattered clouds
234,Teguise,ES,2021-11-08 03:27:07,29.0605,-13.564,61.02,72,0,14.97,clear sky
235,Bani Walid,LY,2021-11-08 03:27:07,31.7566,13.9942,69.76,30,24,7.99,few clouds
236,Sao Filipe,CV,2021-11-08 03:22:56,14.8961,-24.4956,78.01,74,100,7.23,overcast clouds
237,Deloraine,AU,2021-11-08 03:27:09,-41.5333,146.6667,65.14,51,5,3.0,clear sky
238,Arrifes,PT,2021-11-08 03:27:10,37.7667,-25.7,68.23,77,40,16.11,scattered clouds
239,Jamame,SO,2021-11-08 03:27:10,0.0722,42.7506,78.96,70,100,8.14,overcast clouds
240,Shahreza,IR,2021-11-08 03:27:10,32.0339,51.8794,36.66,97,100,4.56,overcast clouds
241,Malakal,SS,2021-11-08 03:26:39,9.5334,31.6605,76.62,63,31,2.59,scattered clouds
242,Coihaique,CL,2021-11-08 03:27:11,-45.5752,-72.0662,44.55,81,0,2.3,clear sky
243,Phimai,TH,2021-11-08 03:27:11,15.2232,102.4947,85.23,73,70,15.5,broken clouds
244,Mastic Beach,US,2021-11-08 03:27:12,40.7668,-72.8521,51.98,75,1,0.0,clear sky
245,Saint-Pierre,RE,2021-11-08 03:27:12,-21.3393,55.4781,79.57,66,0,4.61,clear sky
246,Coahuayana,MX,2021-11-08 03:27:13,18.7333,-103.6833,76.73,87,100,2.1,overcast clouds
247,Calbuco,CL,2021-11-08 03:27:14,-41.768,-73.1273,52.81,94,99,2.71,overcast clouds
248,Kaitangata,NZ,2021-11-08 03:26:52,-46.2817,169.8464,62.92,77,90,6.71,overcast clouds
249,Tornio,FI,2021-11-08 03:27:14,65.8481,24.1466,17.62,73,4,4.85,clear sky
250,Mira,IT,2021-11-08 03:27:15,45.4358,12.1348,50.59,87,75,5.75,broken clouds
251,Sivas,TR,2021-11-08 03:27:15,39.7916,37.0019,38.03,69,40,2.3,scattered clouds
252,Akdepe,TM,2021-11-08 03:27:15,42.0551,59.3788,23.0,27,0,4.16,clear sky
253,Ponta Do Sol,PT,2021-11-08 03:27:16,32.6667,-17.1,66.83,66,14,6.64,few clouds
254,Goldap,PL,2021-11-08 03:27:16,54.3063,22.3036,43.18,84,100,16.98,overcast clouds
255,Siderno,IT,2021-11-08 03:27:16,38.2779,16.302,69.19,82,100,0.92,overcast clouds
256,Chara,RU,2021-11-08 03:27:17,56.9064,118.2631,11.5,69,98,1.07,overcast clouds
257,Singaraja,ID,2021-11-08 03:27:17,-8.112,115.0882,86.97,67,84,4.38,broken clouds
258,Aksu,CN,2021-11-08 03:27:18,41.1231,80.2644,30.76,25,0,2.15,clear sky
259,Saint Anthony,US,2021-11-08 03:27:18,45.0205,-93.218,55.42,85,1,1.99,mist
260,Nikolskoye,RU,2021-11-08 03:27:18,59.7035,30.7861,37.87,97,100,9.73,moderate rain
261,Severo-Yeniseyskiy,RU,2021-11-08 03:27:19,60.3725,93.0408,26.49,88,100,14.43,overcast clouds
262,Sitka,US,2021-11-08 03:27:19,57.0531,-135.33,42.69,52,20,5.75,few clouds
263,Haicheng,CN,2021-11-08 03:27:19,40.8516,122.7475,26.47,95,100,15.57,light snow
264,Katsuura,JP,2021-11-08 03:27:20,35.1333,140.3,68.14,55,73,17.13,broken clouds
265,Esperance,AU,2021-11-08 03:26:56,-33.8667,121.9,67.84,56,100,12.57,overcast clouds
266,Jasdan,IN,2021-11-08 03:27:20,22.0333,71.2,72.68,33,30,11.61,scattered clouds
267,Peniche,PT,2021-11-08 03:27:21,39.3558,-9.3811,53.1,76,81,8.34,broken clouds
268,Bahia Honda,CU,2021-11-08 03:27:21,22.9036,-83.1592,70.48,67,15,10.38,few clouds
269,Mount Gambier,AU,2021-11-08 03:25:26,-37.8333,140.7667,60.71,55,90,11.5,overcast clouds
270,Bambous Virieux,MU,2021-11-08 03:27:22,-20.3428,57.7575,78.22,78,75,10.36,broken clouds
271,Victoria,HK,2021-11-08 03:26:26,22.2855,114.1577,70.03,64,46,7.0,scattered clouds
272,Marawi,PH,2021-11-08 03:27:23,7.9986,124.2928,76.64,58,29,4.61,scattered clouds
273,Faya,SA,2021-11-08 03:27:23,18.3851,42.4509,48.72,44,0,1.21,clear sky
274,Vanavara,RU,2021-11-08 03:27:24,60.34,102.2797,29.43,88,100,12.53,overcast clouds
275,Dimataling,PH,2021-11-08 03:27:25,7.5344,123.3738,86.5,70,45,5.75,scattered clouds
276,Bilibino,RU,2021-11-08 03:27:25,68.0546,166.4372,-4.74,99,52,4.09,broken clouds
277,Namatanai,PG,2021-11-08 03:27:26,-3.6667,152.4333,86.63,60,69,11.81,broken clouds
278,Karambakkudi,IN,2021-11-08 03:27:26,10.4667,79.1333,75.6,95,100,10.09,moderate rain
279,Miram Shah,PK,2021-11-08 03:27:26,33.0086,70.0697,62.29,41,0,6.11,clear sky
280,Moyale,KE,2021-11-08 03:27:26,3.5167,39.0584,67.77,76,99,7.67,light rain
281,Bengkulu,ID,2021-11-08 03:27:27,-3.8004,102.2655,82.06,70,100,5.23,overcast clouds
282,Ola,RU,2021-11-08 03:27:27,59.5833,151.2833,25.14,84,100,9.57,overcast clouds
283,Barhi,IN,2021-11-08 03:27:28,23.9,80.8,69.12,46,41,0.89,scattered clouds
284,Bonthe,SL,2021-11-08 03:27:29,7.5264,-12.505,77.72,86,17,0.45,light rain
285,Ewo,CG,2021-11-08 03:27:29,-0.8725,14.8206,71.38,93,100,1.21,overcast clouds
286,Rosarito,MX,2021-11-08 03:27:29,32.3333,-117.0333,60.4,80,1,2.71,clear sky
287,Carutapera,BR,2021-11-08 03:27:30,-1.195,-46.02,77.85,85,62,5.21,broken clouds
288,Thompson,CA,2021-11-08 03:27:31,55.7435,-97.8558,33.96,93,90,2.3,overcast clouds
289,Umm Lajj,SA,2021-11-08 03:27:31,25.0213,37.2685,77.11,48,0,5.95,clear sky
290,Sinjar,IQ,2021-11-08 03:27:31,36.3209,41.8754,58.95,42,6,3.24,clear sky
291,Nyurba,RU,2021-11-08 03:27:33,63.2842,118.3319,26.19,92,100,10.16,overcast clouds
292,Ndele,CF,2021-11-08 03:27:34,8.4109,20.6473,71.6,81,98,4.47,overcast clouds
293,Souillac,MU,2021-11-08 03:23:50,-20.5167,57.5167,78.37,78,75,10.36,broken clouds
294,Teahupoo,PF,2021-11-08 03:23:46,-17.8333,-149.2667,75.16,78,30,7.7,light rain
295,Arraial Do Cabo,BR,2021-11-08 03:27:34,-22.9661,-42.0278,70.18,73,68,5.37,broken clouds
296,Ahipara,NZ,2021-11-08 03:27:35,-35.1667,173.1667,64.96,81,44,5.12,scattered clouds
297,Krasnoarmeysk,RU,2021-11-08 03:27:35,51.0239,45.6969,40.15,90,100,6.85,overcast clouds
298,Bajil,YE,2021-11-08 03:27:36,15.0584,43.2851,79.16,67,6,3.31,clear sky
299,Douentza,ML,2021-11-08 03:27:36,14.9951,-2.9517,87.8,20,100,3.11,overcast clouds
300,Tawau,MY,2021-11-08 03:27:37,4.2498,117.8871,86.13,70,100,2.55,overcast clouds
301,Honningsvag,NO,2021-11-08 03:27:37,70.9821,25.9704,29.8,94,100,6.04,snow
302,Korla,CN,2021-11-08 03:27:37,41.7597,86.1469,28.62,28,0,3.24,clear sky
303,Nemuro,JP,2021-11-08 03:27:38,43.3236,145.575,48.63,74,60,10.83,broken clouds
304,Onda,ES,2021-11-08 03:27:39,39.9667,-0.25,53.04,62,19,5.26,few clouds
305,Olafsvik,IS,2021-11-08 03:27:39,64.8945,-23.7142,36.43,98,100,29.42,moderate rain
306,Raudeberg,NO,2021-11-08 03:27:39,61.9875,5.1352,38.86,81,93,3.0,overcast clouds
307,Omsukchan,RU,2021-11-08 03:27:41,62.5333,155.8,19.4,95,100,2.44,light snow
308,Luderitz,NA,2021-11-08 03:25:14,-26.6481,15.1594,55.94,82,0,8.25,clear sky
309,Portland,US,2021-11-08 03:27:31,45.5234,-122.6762,47.75,92,90,1.99,overcast clouds
310,Port Blair,IN,2021-11-08 03:27:43,11.6667,92.75,84.24,84,40,11.5,scattered clouds
311,Eganville,CA,2021-11-08 03:27:43,45.5334,-77.0994,47.52,95,92,4.21,overcast clouds
312,Husavik,IS,2021-11-08 03:27:44,66.0449,-17.3389,31.91,97,100,12.48,light snow
313,Imbituba,BR,2021-11-08 03:27:44,-28.24,-48.6703,68.83,73,87,1.79,overcast clouds
314,Dunedin,NZ,2021-11-08 03:27:44,-45.8742,170.5036,64.8,68,44,7.18,scattered clouds
315,Cabra,ES,2021-11-08 03:27:45,37.4725,-4.4421,49.39,65,0,4.68,clear sky
316,Fortuna,US,2021-11-08 03:27:45,40.5982,-124.1573,45.99,70,1,0.0,clear sky
317,Pacific Grove,US,2021-11-08 03:24:00,36.6177,-121.9166,55.65,81,1,1.99,clear sky
318,Jawhar,SO,2021-11-08 03:27:47,2.7809,45.5005,73.9,85,91,5.99,overcast clouds
319,Qandala,SO,2021-11-08 03:27:47,11.472,49.8728,77.13,56,37,6.22,scattered clouds
320,Bubaque,GW,2021-11-08 03:23:58,11.2833,-15.8333,82.33,77,30,8.88,moderate rain
321,Leningradskiy,RU,2021-11-08 03:27:47,69.3833,178.4167,8.8,83,61,10.2,broken clouds
322,Mantua,IT,2021-11-08 03:27:48,45.1667,10.7833,50.43,93,90,3.78,overcast clouds
323,Murgab,TM,2021-11-08 03:23:50,37.4966,61.9714,40.87,56,90,6.91,haze
324,Vallenar,CL,2021-11-08 03:27:48,-28.5708,-70.7581,65.1,49,3,2.46,clear sky
325,Tianpeng,CN,2021-11-08 03:27:49,30.9866,103.9393,46.87,53,87,4.18,overcast clouds
326,Poum,NC,2021-11-08 03:27:49,-20.2333,164.0167,76.05,79,90,15.73,overcast clouds
327,Iqaluit,CA,2021-11-08 03:27:50,63.7506,-68.5145,10.13,78,1,15.01,clear sky
328,Achutupo,PA,2021-11-08 03:23:09,9.2,-77.9833,79.23,87,100,5.66,overcast clouds
329,Borogontsy,RU,2021-11-08 03:27:50,62.6683,131.1683,7.25,92,100,7.56,light snow
330,Rio Grande,BR,2021-11-08 03:26:22,-32.035,-52.0986,52.95,76,0,4.63,clear sky
331,Nogent-Le-Rotrou,FR,2021-11-08 03:27:50,48.3333,1.0,39.65,93,36,4.72,scattered clouds
332,Belaya Gora,RU,2021-11-08 03:27:51,68.5333,146.4167,-6.14,96,100,0.54,overcast clouds
333,Mercedes,AR,2021-11-08 03:27:51,-34.6515,-59.4307,63.86,80,0,6.71,clear sky
334,Tecolutla,MX,2021-11-08 03:27:51,20.4833,-97.0167,74.53,75,99,7.2,overcast clouds
335,Laukaa,RU,2021-11-08 03:27:52,58.7372,29.8453,40.42,97,100,3.38,overcast clouds
336,Coruripe,BR,2021-11-08 03:26:38,-10.1256,-36.1756,76.41,89,42,10.42,scattered clouds
337,Podlesnoye,RU,2021-11-08 03:27:52,51.8161,47.009,38.73,91,94,6.22,overcast clouds
338,Alekseyevka,RU,2021-11-08 03:27:53,50.6309,38.6903,44.31,72,100,9.75,light rain
339,Otjiwarongo,NA,2021-11-08 03:27:53,-20.4637,16.6477,67.17,27,95,3.94,overcast clouds
340,Kinablangan,PH,2021-11-08 03:27:54,7.6947,126.5503,85.42,71,7,4.65,clear sky
341,Northam,GB,2021-11-08 03:27:54,51.0333,-4.2167,50.4,88,35,5.32,scattered clouds
342,Port Elizabeth,ZA,2021-11-08 03:27:54,-33.918,25.5701,59.29,94,0,5.75,clear sky
343,Girona,ES,2021-11-08 03:27:55,41.9831,2.8249,59.25,71,0,1.01,clear sky
344,Balkhash,KZ,2021-11-08 03:27:55,46.844,74.9804,25.41,33,0,11.18,clear sky
345,Klaksvik,FO,2021-11-08 03:27:55,62.2266,-6.589,45.52,82,99,21.88,overcast clouds
346,Ambon,ID,2021-11-08 03:27:55,-3.6954,128.1814,87.94,74,40,9.22,scattered clouds
347,Viedma,AR,2021-11-08 03:26:34,-40.8135,-62.9967,56.19,72,49,11.18,scattered clouds
348,Preobrazheniye,RU,2021-11-08 03:27:56,42.9019,133.9064,46.67,84,100,17.92,moderate rain
349,Troitsko-Pechorsk,RU,2021-11-08 03:27:57,62.7084,56.1964,30.78,87,97,9.53,overcast clouds
350,Presidencia Roque Saenz Pena,AR,2021-11-08 03:27:57,-26.7852,-60.4388,70.02,72,96,3.06,overcast clouds
351,San Pedro,PH,2021-11-08 03:27:58,14.35,121.0167,87.35,73,75,3.44,broken clouds
352,Broken Hill,AU,2021-11-08 03:27:58,-31.95,141.4333,71.31,37,100,8.05,overcast clouds
353,Lehututu,BW,2021-11-08 03:27:58,-23.9667,21.8667,78.49,14,100,7.58,overcast clouds
354,Pietarsaari,FI,2021-11-08 03:27:58,63.65,22.6833,32.9,74,10,13.49,clear sky
355,Guerrero Negro,MX,2021-11-08 03:25:05,27.9769,-114.0611,65.08,84,99,9.62,overcast clouds
356,Mount Vernon,US,2021-11-08 03:27:59,40.9126,-73.8371,51.62,60,75,5.01,broken clouds
357,Itaituba,BR,2021-11-08 03:27:15,-4.2761,-55.9836,74.21,80,86,1.01,overcast clouds
358,Aswan,EG,2021-11-08 03:27:59,24.0934,32.907,74.7,34,0,8.16,clear sky
359,Luwuk,ID,2021-11-08 03:28:00,-0.9516,122.7875,85.8,76,93,2.42,overcast clouds
360,Santa Maria,BR,2021-11-08 03:28:00,-29.6842,-53.8069,61.9,77,0,11.5,clear sky
361,Kieta,PG,2021-11-08 03:28:01,-6.2167,155.6333,86.32,56,7,5.7,clear sky
362,Cherskiy,RU,2021-11-08 03:28:01,68.75,161.3,-0.04,100,92,3.65,overcast clouds
363,Moussoro,TD,2021-11-08 03:28:02,13.6408,16.4901,79.65,15,95,10.42,overcast clouds
364,Grand Gaube,MU,2021-11-08 03:28:02,-20.0064,57.6608,78.39,74,21,8.99,few clouds
365,Sechura,PE,2021-11-08 03:28:02,-5.5569,-80.8222,65.08,79,52,12.75,broken clouds
366,Novo Aripuana,BR,2021-11-08 03:28:03,-5.1206,-60.3797,74.71,95,97,0.69,overcast clouds
367,Ilhabela,BR,2021-11-08 03:28:03,-23.7781,-45.3581,67.14,83,13,2.84,few clouds
368,Cravo Norte,CO,2021-11-08 03:28:03,6.3017,-70.2041,78.15,78,100,5.08,overcast clouds
369,Tres Arroyos,AR,2021-11-08 03:28:04,-38.3739,-60.2798,50.16,85,60,8.03,broken clouds
370,Tucuma,BR,2021-11-08 03:28:04,-0.1833,-50.05,76.48,91,100,5.35,overcast clouds
371,Hecun,CN,2021-11-08 03:28:05,36.5333,114.1111,41.22,40,0,17.34,clear sky
372,Hengshui,CN,2021-11-08 03:28:05,37.7322,115.7011,32.52,95,1,9.33,clear sky
373,Lincoln,US,2021-11-08 03:26:33,40.8,-96.667,58.44,80,1,0.0,clear sky
374,Avera,US,2021-11-08 03:28:06,33.194,-82.5271,53.47,51,0,6.82,clear sky
375,Dali,CN,2021-11-08 03:28:06,25.7,100.1833,61.12,47,4,0.49,clear sky
376,Alofi,NU,2021-11-08 03:28:06,-19.0595,-169.9187,76.89,83,90,10.36,light rain
377,Buta,CD,2021-11-08 03:28:07,2.7858,24.73,69.15,100,92,0.92,overcast clouds
378,Baoro,CF,2021-11-08 03:28:07,5.6667,15.9667,67.26,94,100,1.25,overcast clouds
379,Mangan,IN,2021-11-08 03:28:08,27.5167,88.5333,71.17,53,7,4.21,clear sky
380,Bethel,US,2021-11-08 03:23:55,41.3712,-73.414,46.49,71,1,0.0,clear sky
381,Tourlaville,FR,2021-11-08 03:28:08,49.6383,-1.5664,50.67,71,75,4.61,broken clouds
382,Laguna,US,2021-11-08 03:28:09,38.421,-121.4238,53.96,68,1,0.0,clear sky
383,Todos Santos,MX,2021-11-08 03:28:09,23.45,-110.2167,80.01,73,65,3.58,broken clouds
384,Ekhabi,RU,2021-11-08 03:28:10,53.5102,142.9671,27.9,81,100,23.0,overcast clouds
385,Port Macquarie,AU,2021-11-08 03:25:31,-31.4333,152.9167,77.9,60,83,11.39,broken clouds
386,Silleda,ES,2021-11-08 03:28:10,42.696,-8.2465,49.66,91,100,2.68,overcast clouds
387,Riohacha,CO,2021-11-08 03:28:11,11.5444,-72.9072,80.08,79,56,9.55,broken clouds
388,Verkhnyaya Inta,RU,2021-11-08 03:28:11,65.9811,60.3094,22.01,95,100,6.49,overcast clouds
389,Chumikan,RU,2021-11-08 03:28:11,54.7183,135.315,25.41,52,0,21.43,clear sky
390,Vicuna,CL,2021-11-08 03:24:08,-30.0319,-70.7081,47.93,46,0,0.72,clear sky
391,Bagontapay,PH,2021-11-08 03:28:12,6.8589,124.9089,89.4,62,12,2.1,few clouds
392,Te Anau,NZ,2021-11-08 03:28:12,-45.4167,167.7167,67.66,50,82,4.79,broken clouds
393,Kushikino,JP,2021-11-08 03:28:13,31.7167,130.2667,72.86,75,100,9.13,overcast clouds
394,Hovd,MN,2021-11-08 03:28:13,48.0056,91.6419,22.78,42,0,1.03,clear sky
395,Urucui,BR,2021-11-08 03:28:14,-7.2294,-44.5561,76.15,78,99,1.77,overcast clouds
396,West Wendover,US,2021-11-08 03:28:14,40.7391,-114.0733,43.81,70,100,8.05,overcast clouds
397,Talas,TR,2021-11-08 03:28:15,38.6908,35.5538,29.07,86,0,0.0,clear sky
398,Sinnamary,GF,2021-11-08 03:28:15,5.3833,-52.95,78.98,86,100,10.58,overcast clouds
399,Asuncion,PY,2021-11-08 03:28:15,-25.3007,-57.6359,76.44,65,0,9.22,clear sky
400,Tautira,PF,2021-11-08 03:28:15,-17.7333,-149.15,80.62,77,20,7.4,light rain
401,Manicore,BR,2021-11-08 03:28:16,-5.8092,-61.3003,73.71,94,94,0.11,overcast clouds
402,Antofagasta,CL,2021-11-08 03:26:57,-23.65,-70.4,60.08,75,43,6.44,scattered clouds
403,North Bend,US,2021-11-08 03:26:05,43.4065,-124.2243,48.85,96,90,8.05,overcast clouds
404,Jati,PK,2021-11-08 03:28:17,24.3539,68.2671,77.58,26,14,6.69,few clouds
405,Bandarbeyla,SO,2021-11-08 03:28:18,9.4942,50.8122,76.69,70,80,8.48,broken clouds
406,Berekum,GH,2021-11-08 03:28:18,7.4534,-2.584,70.05,95,58,3.85,broken clouds
407,Pemangkat,ID,2021-11-08 03:28:19,1.1667,108.9667,85.48,63,54,1.97,broken clouds
408,Strezhevoy,RU,2021-11-08 03:24:24,60.7333,77.5889,31.98,95,100,13.27,light snow
409,Roma,US,2021-11-08 03:28:19,43.2128,-75.4557,48.43,82,1,0.0,clear sky
410,Tambura,SS,2021-11-08 03:28:19,5.6,27.4667,68.63,90,83,4.16,broken clouds
411,Biak,ID,2021-11-08 03:28:00,-0.9131,122.8766,83.71,73,85,1.7,overcast clouds
412,Nabire,ID,2021-11-08 03:25:07,-3.3667,135.4833,85.19,70,95,5.99,overcast clouds
413,Groa,NO,2021-11-08 03:28:20,62.65,8.7167,33.89,86,100,7.2,overcast clouds
414,Gizo,SB,2021-11-08 03:28:21,-8.103,156.8419,84.45,69,70,5.37,light rain
415,Tiarei,PF,2021-11-08 03:28:21,-17.5333,-149.3333,80.62,76,15,6.42,light rain
416,Sorland,NO,2021-11-08 03:28:21,67.667,12.6934,41.2,53,97,13.96,overcast clouds
417,Bennettsville,US,2021-11-08 03:28:22,34.6174,-79.6848,49.19,87,1,0.0,clear sky
418,Clyde River,CA,2021-11-08 03:28:22,70.4692,-68.5914,10.85,90,43,11.52,scattered clouds
419,Tiksi,RU,2021-11-08 03:28:23,71.6872,128.8694,13.82,78,100,24.61,overcast clouds
420,Vagur,FO,2021-11-08 03:28:23,61.4732,-6.8119,46.2,81,100,17.29,overcast clouds
421,Acarau,BR,2021-11-08 03:27:52,-2.8856,-40.12,78.62,82,82,7.14,broken clouds
422,Nioro,GM,2021-11-08 03:28:23,13.35,-15.75,75.04,58,31,5.97,scattered clouds
423,Oum Hadjer,TD,2021-11-08 03:28:24,13.2954,19.6966,77.9,15,5,9.24,clear sky
424,Port Hedland,AU,2021-11-08 03:27:37,-20.3167,118.5667,84.25,51,30,19.57,scattered clouds
425,Almunecar,ES,2021-11-08 03:28:25,36.7339,-3.6907,54.14,35,0,8.7,clear sky
426,Wilkie,CA,2021-11-08 03:28:27,52.4168,-108.7014,31.35,48,22,7.02,few clouds
427,Dilla,ET,2021-11-08 03:28:28,6.41,38.31,60.58,84,63,3.69,broken clouds
428,Farafangana,MG,2021-11-08 03:28:29,-22.8167,47.8333,74.34,86,93,8.9,overcast clouds
429,Katherine,AU,2021-11-08 03:28:30,-14.4667,132.2667,93.52,49,40,9.22,light rain
430,Lobito,AO,2021-11-08 03:28:30,-12.3481,13.5456,74.77,83,100,2.98,overcast clouds
431,Uusikaupunki,FI,2021-11-08 03:28:30,60.8004,21.4084,34.32,81,78,16.62,broken clouds
432,Itarema,BR,2021-11-08 03:28:31,-2.9248,-39.9167,78.37,82,77,6.93,broken clouds
433,Ahuimanu,US,2021-11-08 03:28:31,21.4447,-157.8378,82.11,68,40,10.36,scattered clouds
434,Petrovskoye,RU,2021-11-08 03:28:32,57.0104,39.2693,40.48,89,100,15.57,light rain
435,Qaqortoq,GL,2021-11-08 03:28:32,60.7167,-46.0333,30.7,83,100,3.36,overcast clouds
436,Rio Tuba,PH,2021-11-08 03:28:32,8.5061,117.4317,85.26,74,95,14.0,overcast clouds
437,Kahului,US,2021-11-08 03:24:05,20.8947,-156.47,80.62,76,20,20.71,few clouds
438,Dudinka,RU,2021-11-08 03:28:33,69.4058,86.1778,12.83,95,100,5.99,overcast clouds
439,Tonj,SS,2021-11-08 03:28:33,7.2737,28.6822,75.6,63,22,4.07,few clouds
440,Port Hardy,CA,2021-11-08 03:25:39,50.6996,-127.4199,41.0,93,90,3.44,light intensity shower rain
441,Ishikari,JP,2021-11-08 03:28:34,43.2397,141.3539,59.25,67,40,17.27,scattered clouds
442,Nantucket,US,2021-11-08 03:28:34,41.2835,-70.0995,53.71,77,90,12.66,overcast clouds
443,Ostrovnoy,RU,2021-11-08 03:28:35,68.0531,39.5131,23.0,89,99,11.81,light snow
444,Verkh-Chebula,RU,2021-11-08 03:28:35,56.0308,87.6218,28.78,70,75,21.07,broken clouds
445,Matara,LK,2021-11-08 03:28:35,5.9485,80.5353,76.84,87,100,12.03,overcast clouds
446,Eyl,SO,2021-11-08 03:28:36,7.9803,49.8164,74.71,79,20,9.15,few clouds
447,Petropavlovsk-Kamchatskiy,RU,2021-11-08 03:28:36,53.0452,158.6483,34.39,55,75,13.42,broken clouds
448,Saint George,US,2021-11-08 03:28:36,37.1041,-113.5841,70.25,31,1,1.01,clear sky
449,Vikesa,NO,2021-11-08 03:28:37,58.6376,6.0913,45.3,90,100,5.19,light rain
450,Ambunti,PG,2021-11-08 03:28:37,-4.2365,142.8448,93.76,45,48,3.89,scattered clouds
451,Sioux Lookout,CA,2021-11-08 03:28:38,50.1001,-91.917,44.98,87,75,2.3,broken clouds
452,Puerto El Triunfo,SV,2021-11-08 03:28:38,13.2833,-88.55,83.32,78,72,5.41,broken clouds
453,Naryan-Mar,RU,2021-11-08 03:27:28,67.6713,53.087,19.9,82,26,7.63,scattered clouds
454,Tvoroyri,FO,2021-11-08 03:28:38,61.5556,-6.8111,45.79,81,100,17.45,overcast clouds
455,Neiafu,TO,2021-11-08 03:28:39,-18.65,-173.9833,77.68,94,75,4.61,moderate rain
456,Praya,CV,2021-11-08 03:28:39,14.9215,-23.5087,75.74,73,40,14.97,scattered clouds
457,Zinder,NE,2021-11-08 03:28:39,13.8072,8.9881,79.25,19,5,8.66,clear sky
458,Iralaya,HN,2021-11-08 03:28:40,15.0,-83.2333,77.23,87,100,16.2,overcast clouds
459,Daru,PG,2021-11-08 03:28:41,-9.0763,143.2092,85.24,74,56,9.15,broken clouds
460,Port Moresby,PG,2021-11-08 03:24:11,-9.4431,147.1797,85.82,66,13,7.38,few clouds
461,Valparaiso,CL,2021-11-08 03:28:42,-33.0393,-71.6273,55.04,87,0,3.44,clear sky
462,Samarai,PG,2021-11-08 03:28:42,-10.6167,150.6667,85.15,71,4,14.38,clear sky
463,Seymchan,RU,2021-11-08 03:28:43,62.8833,152.4333,5.81,80,100,7.58,overcast clouds
464,Komsomolets,KZ,2021-11-08 03:28:43,53.7453,62.0708,33.89,74,45,14.03,scattered clouds
465,Sistranda,NO,2021-11-08 03:28:44,63.7256,8.834,34.9,70,100,9.84,overcast clouds
466,Liverpool,GB,2021-11-08 03:28:44,53.4106,-2.9779,48.61,85,40,6.91,scattered clouds
467,Dingle,PH,2021-11-08 03:28:45,10.9995,122.6711,86.22,75,43,12.17,scattered clouds
468,Nsanje,MW,2021-11-08 03:28:45,-16.92,35.262,70.7,57,0,3.13,clear sky
469,Krasnoselkup,RU,2021-11-08 03:27:43,65.7,82.4667,32.4,98,100,20.67,light snow
470,Muroto,JP,2021-11-08 03:28:46,33.2833,134.15,71.64,69,100,26.44,moderate rain
471,Ariquemes,BR,2021-11-08 03:27:44,-9.9133,-63.0408,71.56,98,97,2.26,light rain
472,Aksarka,RU,2021-11-08 03:28:46,66.5606,67.7975,16.74,93,100,6.6,overcast clouds
473,Praia Da Vitoria,PT,2021-11-08 03:24:13,38.7333,-27.0667,69.76,88,40,19.44,scattered clouds
474,Slave Lake,CA,2021-11-08 03:28:47,55.2834,-114.769,31.98,55,1,5.75,clear sky
475,Rundu,NA,2021-11-08 03:28:47,-17.9333,19.7667,72.73,59,100,5.37,overcast clouds
476,Springbok,ZA,2021-11-08 03:28:47,-29.6643,17.8865,46.49,85,80,12.62,broken clouds
477,Kapoeta,SS,2021-11-08 03:28:48,4.7717,33.5903,79.92,56,95,5.55,light rain
478,Basco,PH,2021-11-08 03:28:48,20.4487,121.9702,81.45,78,4,7.31,clear sky
479,Bonavista,CA,2021-11-08 03:28:49,48.6499,-53.1147,47.12,83,84,11.61,broken clouds
480,Sao Joao Da Barra,BR,2021-11-08 03:28:50,-21.6403,-41.0511,70.75,76,100,6.78,overcast clouds
481,Adre,TD,2021-11-08 03:28:50,13.4667,22.2,70.29,21,6,6.62,clear sky
482,Sangar,RU,2021-11-08 03:28:51,63.9242,127.4739,0.97,93,100,16.13,light snow
483,Skjervoy,NO,2021-11-08 03:28:51,70.0311,20.9714,34.84,87,100,16.64,light snow
484,Potiskum,NG,2021-11-08 03:28:52,11.7091,11.0694,76.96,21,64,7.27,broken clouds
485,Kryve Ozero,UA,2021-11-08 03:28:53,47.9524,30.3493,50.13,87,96,3.85,overcast clouds
486,Wageningen,NL,2021-11-08 03:28:53,51.9667,5.6667,45.25,90,100,6.06,overcast clouds
487,Raga,SS,2021-11-08 03:28:54,8.4596,25.678,73.36,71,39,4.0,scattered clouds
488,High Level,CA,2021-11-08 03:28:55,58.5169,-117.136,26.71,100,90,4.61,light snow
489,Hauterive,FR,2021-11-08 03:28:55,46.0901,3.4459,47.16,98,100,2.68,overcast clouds
490,Waipawa,NZ,2021-11-08 03:28:56,-41.4122,175.5153,66.83,67,31,5.61,scattered clouds
491,Shimoda,JP,2021-11-08 03:27:09,34.6667,138.95,69.91,66,62,21.54,broken clouds
492,Vostok,RU,2021-11-08 03:28:56,46.4856,135.8833,39.24,33,98,2.48,overcast clouds
493,Kashi,CN,2021-11-08 03:28:56,39.4547,75.9797,31.21,40,17,4.47,dust
494,Kamaishi,JP,2021-11-08 03:28:57,39.2667,141.8833,59.95,83,100,10.11,overcast clouds
495,Harper,LR,2021-11-08 03:28:57,4.375,-7.7169,78.53,87,100,5.75,overcast clouds
496,Catamarca,AR,2021-11-08 03:28:57,-28.4696,-65.7852,63.59,72,31,8.41,scattered clouds
497,Byron Bay,AU,2021-11-08 03:28:58,-28.65,153.6167,82.06,83,100,5.59,light rain
498,Amapa,BR,2021-11-08 03:28:58,1.0,-52.0,72.25,99,100,1.92,overcast clouds
499,Ogaminana,NG,2021-11-08 03:28:59,7.5946,6.2248,75.65,89,100,3.06,overcast clouds
500,Clinton,US,2021-11-08 03:29:00,42.587,-82.9199,54.09,86,20,4.61,few clouds
501,Bandundu,CD,2021-11-08 03:29:01,-3.3167,17.3667,69.67,89,83,2.08,broken clouds
502,Margate,GB,2021-11-08 03:29:01,51.3813,1.3862,44.69,86,90,1.99,overcast clouds
503,Halifax,CA,2021-11-08 03:25:12,44.6453,-63.5724,48.2,91,48,8.05,scattered clouds
504,Vardo,NO,2021-11-08 03:29:03,70.3705,31.1107,31.3,60,98,16.6,overcast clouds
505,Sawtell,AU,2021-11-08 03:29:03,-30.3833,153.1,79.18,80,94,6.91,overcast clouds
506,Saldanha,ZA,2021-11-08 03:25:07,-33.0117,17.9442,60.17,75,88,20.27,overcast clouds
507,Pangody,RU,2021-11-08 03:29:04,65.85,74.4859,23.43,96,100,11.32,light snow
508,Espanola,US,2021-11-08 03:29:04,35.9911,-106.0806,62.58,30,19,2.37,few clouds
509,Stranda,NO,2021-11-08 03:29:05,62.3096,6.9358,37.78,85,98,4.0,overcast clouds
510,The Valley,AI,2021-11-08 03:29:06,18.217,-63.0578,76.86,76,59,14.47,broken clouds
511,Lata,PT,2021-11-08 03:28:00,40.1629,-8.3327,50.04,63,99,3.83,overcast clouds
512,Asau,RO,2021-11-08 03:29:07,46.4333,26.4,52.75,85,100,5.77,light rain
513,Zhigansk,RU,2021-11-08 03:29:07,66.7697,123.3711,7.47,94,100,27.29,light snow
514,Igarka,RU,2021-11-08 03:29:08,67.4667,86.5833,32.72,98,100,12.88,light snow
515,Spornoye,RU,2021-11-08 03:29:08,50.8448,37.2913,42.82,76,100,11.79,overcast clouds
516,Pahrump,US,2021-11-08 03:29:09,36.2083,-115.9839,71.65,21,4,1.99,clear sky
517,Kamina,CD,2021-11-08 03:29:09,-8.7386,24.9906,63.97,93,23,4.68,few clouds
518,Xining,CN,2021-11-08 03:29:10,36.6167,101.7667,24.58,44,99,1.19,overcast clouds
519,Maceio,BR,2021-11-08 03:28:42,-9.6658,-35.7353,80.04,89,40,4.61,scattered clouds
520,Ust-Nera,RU,2021-11-08 03:29:10,64.5667,143.2,-11.7,97,71,5.91,broken clouds
521,Salvador,SV,2021-11-08 03:24:19,13.8333,-88.9167,72.0,82,75,3.83,broken clouds
522,Phan Thiet,VN,2021-11-08 03:29:11,10.9333,108.1,85.55,69,46,10.65,scattered clouds
523,Halmstad,SE,2021-11-08 03:29:11,56.6745,12.8568,44.94,93,75,8.05,broken clouds
524,Duldurga,RU,2021-11-08 03:29:11,50.6761,113.5931,27.39,59,11,6.53,few clouds
525,Tlapacoyan,MX,2021-11-08 03:29:12,19.9667,-97.2167,66.94,96,100,0.63,overcast clouds
526,San Quintin,MX,2021-11-08 03:29:12,30.4833,-115.95,61.86,85,19,4.59,few clouds
527,Coronado,US,2021-11-08 03:29:12,32.6859,-117.1831,61.93,87,20,4.61,few clouds
528,Nelson Bay,AU,2021-11-08 03:29:13,-32.7167,152.15,79.75,74,39,10.02,scattered clouds
529,Boa Esperanca Do Sul,BR,2021-11-08 03:29:13,-21.9925,-48.3908,70.21,68,0,9.1,clear sky
530,Kishapu,TZ,2021-11-08 03:29:14,-3.6167,33.8667,70.18,43,62,6.31,broken clouds
531,Henties Bay,NA,2021-11-08 03:29:14,-22.116,14.2845,52.86,90,16,11.63,few clouds
532,Road Town,VG,2021-11-08 03:29:14,18.4167,-64.6167,79.0,72,20,11.05,few clouds
533,Tubuala,PA,2021-11-08 03:29:15,9.5167,-79.0333,79.34,83,100,6.04,overcast clouds
534,Kutno,PL,2021-11-08 03:29:15,52.2306,19.3641,46.09,84,100,15.23,overcast clouds
535,Kant,IN,2021-11-08 03:29:16,27.8,79.8,68.25,59,60,1.7,broken clouds
536,Luanda,AO,2021-11-08 03:26:33,-8.8368,13.2343,75.2,88,75,5.75,broken clouds
537,Clearwater,US,2021-11-08 03:27:55,27.9659,-82.8001,64.33,80,1,8.99,clear sky
538,Kagoro,NG,2021-11-08 03:29:16,9.6,8.3833,67.77,57,74,2.89,broken clouds
539,Lorengau,PG,2021-11-08 03:29:17,-2.0226,147.2712,83.03,79,43,10.38,scattered clouds
540,Kalanchak,UA,2021-11-08 03:29:17,46.2562,33.2907,55.47,96,82,11.59,broken clouds
541,Tual,ID,2021-11-08 03:27:46,-5.6667,132.75,84.79,73,36,7.31,scattered clouds
542,Biltine,TD,2021-11-08 03:29:18,14.5333,20.9167,76.08,16,2,6.2,clear sky
543,Mitha Tiwana,PK,2021-11-08 03:29:18,32.2486,72.1108,71.49,20,0,1.66,clear sky
544,Katobu,ID,2021-11-08 03:29:18,-4.9408,122.5276,88.05,63,100,3.31,overcast clouds
545,Buchanan,LR,2021-11-08 03:29:19,5.8808,-10.0467,77.54,87,18,3.29,light rain
546,Goderich,CA,2021-11-08 03:29:19,43.7501,-81.7165,50.32,76,48,5.75,scattered clouds
547,Healdsburg,US,2021-11-08 03:27:05,38.6105,-122.8692,52.59,73,1,5.99,clear sky
548,Fevik,NO,2021-11-08 03:29:20,58.3794,8.6766,38.97,79,100,11.81,overcast clouds
549,Kirakira,SB,2021-11-08 03:25:10,-10.4544,161.9205,86.0,67,4,7.2,clear sky
550,Komsomolskiy,UZ,2021-11-08 03:29:20,40.4272,71.7189,38.12,65,75,2.3,haze
551,Artyom,AZ,2021-11-08 03:29:20,40.4723,50.333,41.14,68,100,7.27,overcast clouds
552,Roald,NO,2021-11-08 03:29:21,62.5833,6.1333,38.34,87,100,11.5,overcast clouds
553,Seddon,AU,2021-11-08 03:29:21,-37.8068,144.8916,65.08,51,75,12.66,broken clouds
554,Oktyabrskoye,RU,2021-11-08 03:29:22,43.0645,44.7417,46.54,93,22,4.47,few clouds
555,Bumba,CD,2021-11-08 03:29:22,2.1833,22.4667,71.1,96,91,2.06,overcast clouds
556,Irbeyskoye,RU,2021-11-08 03:29:22,55.6428,95.4522,38.14,58,100,15.57,overcast clouds
557,Christchurch,NZ,2021-11-08 03:27:58,-43.5333,172.6333,67.48,72,40,5.01,scattered clouds
558,Dawei,MM,2021-11-08 03:29:23,14.0833,98.2,87.57,65,100,3.15,overcast clouds
559,Dandong,CN,2021-11-08 03:29:23,40.1292,124.3947,30.94,74,95,15.64,overcast clouds
560,Upington,ZA,2021-11-08 03:29:24,-28.4478,21.2561,68.38,30,75,14.97,broken clouds
561,Koumac,NC,2021-11-08 03:29:24,-20.5667,164.2833,76.73,73,100,6.67,overcast clouds
562,Port-Cartier,CA,2021-11-08 03:27:10,50.0334,-66.8654,43.75,78,99,6.76,overcast clouds
563,Plettenberg Bay,ZA,2021-11-08 03:29:24,-34.0527,23.3716,58.06,91,100,4.25,light rain
564,Villanueva,HN,2021-11-08 03:29:25,15.3167,-88.0,71.04,88,75,5.75,broken clouds
565,Ornskoldsvik,SE,2021-11-08 03:29:25,63.2909,18.7153,28.22,86,75,6.91,broken clouds
566,Longyearbyen,SJ,2021-11-08 03:29:26,78.2186,15.6401,13.84,67,75,4.61,broken clouds
567,Shitanjing,CN,2021-11-08 03:29:26,39.2342,106.3439,25.48,38,0,6.42,clear sky
568,Batemans Bay,AU,2021-11-08 03:29:26,-35.7167,150.1833,81.19,86,92,7.94,light rain
569,Amli,IN,2021-11-08 03:29:27,20.2833,73.0167,78.26,53,94,4.14,overcast clouds
570,Qasigiannguit,GL,2021-11-08 03:29:28,68.8193,-51.1922,12.45,74,8,6.49,clear sky
571,Snyder,US,2021-11-08 03:26:47,32.7179,-100.9176,65.35,51,1,8.05,clear sky
572,Chivilcoy,AR,2021-11-08 03:29:29,-34.8957,-60.0167,62.06,10,0,3.0,clear sky
573,Kerewan,GM,2021-11-08 03:29:29,13.4898,-16.0888,73.51,56,18,7.4,few clouds
574,Marzuq,YE,2021-11-08 03:29:29,14.4,46.4667,64.58,36,0,1.28,clear sky
575,Port-Gentil,GA,2021-11-08 03:28:55,-0.7193,8.7815,78.67,85,100,11.48,light rain
576,San Rafael,AR,2021-11-08 03:29:30,-34.6177,-68.3301,66.56,33,20,2.75,few clouds
577,Egvekinot,RU,2021-11-08 03:29:30,66.3167,-179.1667,0.45,79,20,0.83,few clouds
578,Venado Tuerto,AR,2021-11-08 03:29:31,-33.7456,-61.9688,60.78,55,10,3.24,clear sky
579,Flin Flon,CA,2021-11-08 03:29:31,54.7682,-101.865,32.88,77,99,3.53,overcast clouds
580,Gobabis,NA,2021-11-08 03:29:32,-22.45,18.9667,73.92,24,100,3.24,overcast clouds
581,Motril,ES,2021-11-08 03:29:33,36.7507,-3.5179,53.28,61,0,6.58,clear sky
582,Agirish,RU,2021-11-08 03:29:33,61.9247,63.0231,32.59,87,100,11.12,overcast clouds
583,Riverton,US,2021-11-08 03:29:34,40.5219,-111.9391,51.17,70,75,1.99,broken clouds
584,Eravur,LK,2021-11-08 03:29:34,7.7733,81.6095,79.14,81,84,7.87,moderate rain
585,Swellendam,ZA,2021-11-08 03:29:35,-34.0226,20.4417,57.13,76,100,2.86,overcast clouds
586,Turtas,RU,2021-11-08 03:29:35,58.9417,69.1325,32.47,98,100,10.33,light snow
587,Togur,RU,2021-11-08 03:25:28,58.3631,82.8265,29.73,70,100,15.95,overcast clouds
588,Half Moon Bay,US,2021-11-08 03:25:35,37.4636,-122.4286,55.98,77,20,1.01,few clouds
589,Mango,US,2021-11-08 03:26:02,27.9797,-82.3065,64.26,91,1,3.44,clear sky
590,Grindavik,IS,2021-11-08 03:29:36,63.8424,-22.4338,39.67,87,90,35.68,overcast clouds
591,Lasa,IT,2021-11-08 03:29:37,46.6166,10.7002,40.08,58,69,4.14,broken clouds
592,Sao Desiderio,BR,2021-11-08 03:29:37,-12.3633,-44.9733,69.85,96,87,1.39,overcast clouds
593,Shirokiy,RU,2021-11-08 03:29:38,49.758,129.523,25.02,62,100,8.28,snow
594,Ketovo,RU,2021-11-08 03:29:38,55.355,65.3258,35.15,78,64,16.13,broken clouds
595,Shieli,KZ,2021-11-08 03:28:42,44.1667,66.75,34.11,24,2,3.62,clear sky
596,Usevya,TZ,2021-11-08 03:29:38,-7.1,31.2333,71.51,46,52,3.74,broken clouds
597,Zarubino,RU,2021-11-08 03:29:39,42.63,131.0922,53.58,90,100,31.27,moderate rain
598,Tatishchevo,RU,2021-11-08 03:29:39,51.6703,45.5953,40.35,94,98,7.47,overcast clouds
599,Santa Marta,CO,2021-11-08 03:25:15,11.2408,-74.199,80.65,78,20,4.61,few clouds
600,Emerald,AU,2021-11-08 03:28:39,-23.5333,148.1667,83.34,83,75,18.41,thunderstorm
601,Hambantota,LK,2021-11-08 03:29:39,6.1241,81.1185,80.94,89,20,6.91,few clouds
602,Hohhot,CN,2021-11-08 03:29:40,40.8106,111.6522,19.69,63,0,8.95,clear sky
603,Sakakah,SA,2021-11-08 03:29:40,29.9697,40.2064,60.37,37,0,4.56,clear sky
604,Chai Badan,TH,2021-11-08 03:29:40,15.2,101.1333,82.76,74,42,16.6,scattered clouds
605,Panaba,MX,2021-11-08 03:29:41,21.2833,-88.2667,67.23,75,2,6.04,clear sky
606,Kidal,ML,2021-11-08 03:29:42,18.4411,1.4078,77.88,19,2,2.17,clear sky
607,Eureka,US,2021-11-08 03:29:44,40.8021,-124.1637,46.26,76,13,4.97,few clouds
608,Kinshasa,CD,2021-11-08 03:29:44,-4.3246,15.3215,77.32,94,20,1.14,light rain
609,Barra Do Garcas,BR,2021-11-08 03:28:16,-15.89,-52.2567,74.48,86,99,2.39,overcast clouds
610,Krasnoborsk,RU,2021-11-08 03:29:45,61.5598,45.934,33.17,94,100,4.34,overcast clouds
611,Khasan,RU,2021-11-08 03:29:45,42.4308,130.6434,55.72,89,100,32.73,heavy intensity rain
612,Gaozhou,CN,2021-11-08 03:29:46,21.9392,110.8461,66.13,57,91,10.65,overcast clouds
613,Paka,MY,2021-11-08 03:29:46,4.6374,103.4368,87.73,70,40,2.3,scattered clouds
614,Glendive,US,2021-11-08 03:29:46,47.1053,-104.7125,37.18,69,1,10.36,clear sky
615,Rawson,AR,2021-11-08 03:29:47,-43.3002,-65.1023,59.99,56,100,2.55,overcast clouds
616,Tabory,RU,2021-11-08 03:29:47,58.5198,64.5495,34.03,96,100,10.25,overcast clouds
617,Bagdarin,RU,2021-11-08 03:29:47,54.4333,113.6,17.4,64,100,2.8,overcast clouds
618,Baiyin,CN,2021-11-08 03:29:48,36.5583,104.2081,34.68,51,19,0.11,few clouds
619,Dzaoudzi,YT,2021-11-08 03:29:49,-12.7887,45.2699,78.69,89,0,6.91,clear sky
620,Baruun-Urt,MN,2021-11-08 03:29:49,46.6806,113.2792,24.19,50,7,6.31,clear sky
621,Yulara,AU,2021-11-08 03:29:49,-25.2406,130.9889,71.44,78,75,19.57,broken clouds
622,San Jose,US,2021-11-08 03:26:04,37.3394,-121.895,55.92,66,40,9.22,scattered clouds
623,Barceloneta,PR,2021-11-08 03:29:50,18.4505,-66.5385,80.58,90,12,5.3,few clouds
624,Haradok,BY,2021-11-08 03:29:51,55.4624,29.9816,41.52,94,100,14.52,overcast clouds
625,Magole,TZ,2021-11-08 03:29:51,-6.3667,37.3667,68.79,90,100,1.07,overcast clouds
626,Fairbanks,US,2021-11-08 03:29:44,64.8378,-147.7164,24.76,90,90,0.0,mist
627,Muzhi,RU,2021-11-08 03:29:51,65.3667,64.6667,25.9,86,100,3.78,overcast clouds
628,Itaueira,BR,2021-11-08 03:29:52,-7.6033,-43.0256,75.16,84,100,1.45,overcast clouds
629,Obo,CF,2021-11-08 03:29:52,5.3998,26.4869,67.59,97,96,3.51,overcast clouds
630,Campoverde,PE,2021-11-08 03:29:52,-8.4753,-74.8058,80.29,73,79,2.73,broken clouds
631,Waiouru,NZ,2021-11-08 03:29:53,-39.4833,175.6667,62.19,60,87,4.52,overcast clouds
632,Awbari,LY,2021-11-08 03:27:17,26.5921,12.7805,67.87,27,94,11.63,overcast clouds
633,Keti Bandar,PK,2021-11-08 03:29:54,24.1447,67.4497,78.66,35,5,7.43,clear sky
634,Gigmoto,PH,2021-11-08 03:29:55,13.7796,124.39,82.87,85,100,11.88,overcast clouds
635,Moose Factory,CA,2021-11-08 03:29:55,51.2585,-80.6094,39.18,93,1,6.91,clear sky
636,Muros,ES,2021-11-08 03:29:32,42.7762,-9.0603,55.24,83,99,11.92,overcast clouds
637,Namibe,AO,2021-11-08 03:29:56,-15.1961,12.1522,66.78,80,96,4.23,overcast clouds
638,Pirenopolis,BR,2021-11-08 03:29:56,-15.8525,-48.9592,72.09,71,79,1.68,broken clouds
639,Marsa Matruh,EG,2021-11-08 03:29:56,31.3525,27.2453,69.01,69,4,4.65,clear sky
640,Monastyrshchina,RU,2021-11-08 03:29:58,54.3496,31.838,41.23,89,100,14.74,light rain
641,Santo Antonio Do Ica,BR,2021-11-08 03:29:58,-3.1022,-67.9397,72.5,99,93,1.9,overcast clouds
642,Novodugino,RU,2021-11-08 03:30:01,55.6305,34.2842,37.72,96,100,14.52,light rain
643,Muriwai Beach,NZ,2021-11-08 03:25:43,-36.8167,174.45,71.42,66,1,8.39,clear sky
644,Sola,VU,2021-11-08 03:30:02,-13.8833,167.55,90.27,62,20,0.0,light rain
645,Maldonado,UY,2021-11-08 03:30:03,-34.6667,-54.9167,56.59,92,0,5.44,clear sky
646,Palmer,US,2021-11-08 03:30:04,42.1584,-72.3287,42.93,72,100,3.74,overcast clouds
647,Krabi,TH,2021-11-08 03:30:05,8.0726,98.9105,86.99,84,75,6.91,broken clouds
648,Ambatolampy,MG,2021-11-08 03:30:05,-19.3833,47.4167,58.77,78,72,2.28,broken clouds
649,Merauke,ID,2021-11-08 03:25:06,-8.4667,140.3333,86.76,64,70,7.31,light rain
650,Los Llanos De Aridane,ES,2021-11-08 03:30:06,28.6585,-17.9182,62.35,63,40,10.0,scattered clouds
651,Anadyr,RU,2021-11-08 03:28:38,64.75,177.4833,12.7,100,40,6.71,fog
652,Kez,RU,2021-11-08 03:30:07,57.8979,53.7152,32.34,78,98,7.34,overcast clouds
653,Victor Harbor,AU,2021-11-08 03:30:08,-35.5667,138.6167,70.2,54,37,1.01,scattered clouds
654,Westminster,US,2021-11-08 03:28:47,39.8367,-105.0372,61.84,21,40,1.01,scattered clouds
655,Nizhnyaya Poyma,RU,2021-11-08 03:30:09,56.1622,97.1933,38.21,57,100,16.26,overcast clouds
656,Columbus,US,2021-11-08 03:27:20,39.9612,-82.9988,49.57,77,20,0.0,few clouds
657,Xichang,CN,2021-11-08 03:28:50,27.8964,102.2634,47.68,69,99,3.31,overcast clouds
658,Qax,AZ,2021-11-08 03:30:11,41.4225,46.9242,46.17,67,4,2.3,clear sky
659,Malanje,AO,2021-11-08 03:30:11,-9.5402,16.341,62.89,98,100,2.66,overcast clouds
660,Berlin,DE,2021-11-08 03:28:33,52.5244,13.4105,46.98,94,75,15.01,light intensity drizzle
661,Balkanabat,TM,2021-11-08 03:30:12,39.5108,54.3671,45.73,50,0,1.5,clear sky
662,Salalah,OM,2021-11-08 03:30:13,17.0151,54.0924,75.29,78,0,4.61,clear sky
663,Chaplynka,UA,2021-11-08 03:30:13,46.3651,33.5403,55.29,95,87,11.18,overcast clouds
664,Velka Bites,CZ,2021-11-08 03:30:13,49.2884,16.2274,41.13,84,40,10.36,scattered clouds
665,Port Shepstone,ZA,2021-11-08 03:30:14,-30.7414,30.455,68.85,92,100,2.71,light rain
666,Edd,ER,2021-11-08 03:30:14,13.9297,41.6925,84.2,47,22,11.9,few clouds
667,Kaseda,JP,2021-11-08 03:30:15,31.4167,130.3167,72.63,74,98,12.21,overcast clouds
668,Tazmalt,DZ,2021-11-08 03:30:15,36.3868,4.3989,52.84,91,100,5.75,overcast clouds
669,Cotonou,BJ,2021-11-08 03:30:15,6.3654,2.4183,76.98,94,20,2.3,few clouds
670,Barcelos,PT,2021-11-08 03:30:16,41.5388,-8.6151,54.68,59,88,4.76,overcast clouds
671,Toritama,BR,2021-11-08 03:30:16,-8.0067,-36.0567,71.8,91,39,4.05,scattered clouds
672,Tayoltita,MX,2021-11-08 03:30:17,24.0833,-105.9333,64.72,73,8,5.77,clear sky
673,Olinda,BR,2021-11-08 03:30:17,-8.0089,-34.8553,82.13,74,40,9.22,scattered clouds
674,Bitung,ID,2021-11-08 03:30:17,1.4451,125.1824,85.62,69,100,5.86,overcast clouds
675,Mange,SL,2021-11-08 03:30:18,8.9167,-12.85,73.62,94,66,1.57,broken clouds
676,Benguela,AO,2021-11-08 03:30:18,-12.5763,13.4055,74.57,83,100,3.94,overcast clouds
677,Morant Bay,JM,2021-11-08 03:30:18,17.8815,-76.4093,82.02,84,78,2.73,broken clouds
678,Semey,KZ,2021-11-08 03:30:19,50.4111,80.2275,28.62,64,0,6.71,clear sky
679,Onega,RU,2021-11-08 03:30:19,63.9061,38.1404,27.32,85,12,4.07,few clouds
680,Kandi,BJ,2021-11-08 03:30:20,11.1342,2.9386,73.36,40,75,3.13,broken clouds
681,Coalville,GB,2021-11-08 03:30:20,52.7167,-1.3667,42.58,87,0,9.22,clear sky
682,Medicine Hat,CA,2021-11-08 03:30:20,50.0501,-110.6683,35.22,54,1,8.01,clear sky
683,Belmonte,BR,2021-11-08 03:30:21,-15.8631,-38.8828,75.7,90,100,2.84,overcast clouds
684,Labuhan,ID,2021-11-08 03:30:21,-6.8844,112.2051,87.91,59,100,4.54,overcast clouds
685,Monduli,TZ,2021-11-08 03:30:22,-3.3,36.45,62.62,67,99,3.76,overcast clouds
686,Adilabad,IN,2021-11-08 03:30:22,19.6667,78.5333,72.95,51,44,6.08,scattered clouds
687,Guiratinga,BR,2021-11-08 03:30:22,-16.3494,-53.7583,72.59,93,95,1.57,overcast clouds
688,Chernyshevskiy,RU,2021-11-08 03:30:23,63.0128,112.4714,24.55,93,100,10.36,light snow
689,Ialibu,PG,2021-11-08 03:30:23,-6.2821,143.9935,75.83,74,87,4.43,overcast clouds
690,Oriximina,BR,2021-11-08 03:30:24,-1.7656,-55.8661,76.35,87,87,4.0,overcast clouds
691,Sibolga,ID,2021-11-08 03:30:24,1.7427,98.7792,77.95,90,100,1.9,overcast clouds
692,Zhaoyuan,CN,2021-11-08 03:30:25,37.3592,120.3964,37.56,72,96,25.68,overcast clouds
693,Bac Lieu,VN,2021-11-08 03:30:25,9.285,105.7244,84.6,78,100,16.8,overcast clouds
694,Yumen,CN,2021-11-08 03:30:26,40.2833,97.2,28.11,26,17,13.02,few clouds
695,Salinopolis,BR,2021-11-08 03:30:26,-0.6136,-47.3561,78.06,88,59,6.8,broken clouds
696,Ayan,RU,2021-11-08 03:30:27,56.45,138.1667,24.31,53,2,19.3,clear sky
697,Beira,MZ,2021-11-08 03:27:25,-19.8436,34.8389,73.49,100,75,4.61,mist
698,Vestmannaeyjar,IS,2021-11-08 03:27:51,63.4427,-20.2734,40.44,91,100,45.32,overcast clouds
699,Mahajanga,MG,2021-11-08 03:30:27,-15.7167,46.3167,77.02,57,20,6.91,few clouds
700,Tocopilla,CL,2021-11-08 03:30:18,-22.092,-70.1979,63.99,70,12,5.41,few clouds
701,Ternate,ID,2021-11-08 03:30:28,0.8,127.4,87.55,64,76,2.24,broken clouds
702,Figeac,FR,2021-11-08 03:30:28,44.75,1.9167,44.35,99,75,3.65,broken clouds
703,Panalingaan,PH,2021-11-08 03:30:29,8.7842,117.4231,87.01,69,92,3.38,overcast clouds
704,Kungurtug,RU,2021-11-08 03:30:29,50.5994,97.5228,17.67,69,12,1.41,few clouds
705,Gat,IL,2021-11-08 03:30:29,31.61,34.7642,71.4,32,0,1.14,clear sky
706,Mujiayingzi,CN,2021-11-08 03:30:30,42.1167,118.7833,23.67,61,100,25.99,overcast clouds
707,Point Pedro,LK,2021-11-08 03:30:30,9.8167,80.2333,80.13,83,95,7.83,overcast clouds
708,Haines Junction,CA,2021-11-08 03:25:41,60.7522,-137.5108,18.66,66,8,2.13,clear sky
709,Antipovka,RU,2021-11-08 03:30:30,49.8299,45.3122,40.59,86,100,6.42,light rain
710,Purpe,RU,2021-11-08 03:30:31,64.4803,76.6897,32.81,98,100,17.47,overcast clouds
711,Keuruu,FI,2021-11-08 03:30:31,62.2667,24.7,30.79,74,100,10.71,overcast clouds
712,Vila Velha,BR,2021-11-08 03:27:53,-20.3297,-40.2925,71.55,91,90,4.61,overcast clouds
713,Palauig,PH,2021-11-08 03:30:32,15.435,119.9045,87.44,63,16,5.66,few clouds
714,Micheweni,TZ,2021-11-08 03:30:32,-4.9667,39.8333,77.29,78,88,2.98,overcast clouds
715,Karakol,KG,2021-11-08 03:30:33,42.4907,78.3936,27.09,67,5,0.94,clear sky
716,General Roca,AR,2021-11-08 03:30:33,-39.0333,-67.5833,72.0,27,91,11.21,overcast clouds
717,Pangnirtung,CA,2021-11-08 03:30:34,66.1451,-65.7125,17.6,73,1,2.3,clear sky
718,Bellevue,US,2021-11-08 03:26:01,47.6104,-122.2007,44.6,91,90,3.0,light rain
719,Angoche,MZ,2021-11-08 03:30:34,-16.2325,39.9086,75.43,84,8,7.74,clear sky
